{"cameraMode":{"drawMode":0,"name":"Shaded","section":"Shading Mode"},"sceneLighting":true,"audioPlay":false,"sceneViewState":{"m_AlwaysRefresh":false,"showFog":true,"showSkybox":true,"showFlares":true,"showImageEffects":true,"showParticleSystems":true,"showVisualEffectGraphs":true,"m_FxEnabled":true},"in2DMode":false,"pivot":{"x":57.11593246459961,"y":134.32391357421876,"z":49.743553161621097},"rotation":{"x":0.40630877017974856,"y":-0.5811260938644409,"z":0.41295796632766726,"w":0.5717836022377014},"size":1.7320537567138672,"orthographic":false}