{"cameraMode":{"drawMode":0,"name":"Shaded","section":"Shading Mode"},"sceneLighting":true,"audioPlay":false,"sceneViewState":{"m_AlwaysRefresh":false,"showFog":true,"showSkybox":true,"showFlares":true,"showImageEffects":true,"showParticleSystems":true,"showVisualEffectGraphs":true,"m_FxEnabled":true},"in2DMode":false,"pivot":{"x":395.30657958984377,"y":251.9842529296875,"z":134.41830444335938},"rotation":{"x":0.13457489013671876,"y":-0.8338739275932312,"z":0.23499876260757447,"w":0.48098787665367129},"size":444.6124572753906,"orthographic":false}