{"cameraMode":{"drawMode":0,"name":"Shaded","section":"Shading Mode"},"sceneLighting":true,"audioPlay":false,"sceneViewState":{"m_AlwaysRefresh":false,"showFog":true,"showSkybox":true,"showFlares":true,"showImageEffects":true,"showParticleSystems":true,"showVisualEffectGraphs":true,"m_FxEnabled":true},"in2DMode":false,"pivot":{"x":-1.3064481019973755,"y":0.3013448715209961,"z":52.507301330566409},"rotation":{"x":0.07054536044597626,"y":0.2727506160736084,"z":-0.02003554254770279,"w":0.9593327641487122},"size":0.8660253882408142,"orthographic":false}