{"cameraMode":{"drawMode":0,"name":"Shaded","section":"Shading Mode"},"sceneLighting":true,"audioPlay":false,"sceneViewState":{"m_AlwaysRefresh":false,"showFog":true,"showSkybox":true,"showFlares":true,"showImageEffects":true,"showParticleSystems":true,"showVisualEffectGraphs":true,"m_FxEnabled":true},"in2DMode":false,"pivot":{"x":-5.0391764640808109,"y":1.8857030868530274,"z":-1.3056082725524903},"rotation":{"x":0.25628170371055605,"y":0.33081984519958498,"z":-0.09381474554538727,"w":0.9034535884857178},"size":1.7320537567138672,"orthographic":false}