{"cameraMode":{"drawMode":0,"name":"Shaded","section":"Shading Mode"},"sceneLighting":true,"audioPlay":false,"sceneViewState":{"m_AlwaysRefresh":false,"showFog":true,"showSkybox":true,"showFlares":true,"showImageEffects":true,"showParticleSystems":true,"showVisualEffectGraphs":true,"m_FxEnabled":true},"in2DMode":false,"pivot":{"x":0.03125405311584473,"y":1.1682583093643189,"z":-1.11885666847229},"rotation":{"x":0.06653209030628205,"y":-0.7794956564903259,"z":0.08405700325965882,"w":0.6173061728477478},"size":1.7320537567138672,"orthographic":false}