{"cameraMode":{"drawMode":0,"name":"Shaded","section":"Shading Mode"},"sceneLighting":false,"audioPlay":false,"sceneViewState":{"m_AlwaysRefresh":false,"showFog":true,"showSkybox":false,"showFlares":true,"showImageEffects":true,"showParticleSystems":true,"showVisualEffectGraphs":true,"m_FxEnabled":true},"in2DMode":false,"pivot":{"x":-0.4436943531036377,"y":3.285785436630249,"z":0.1907714158296585},"rotation":{"x":-0.014056050218641758,"y":-0.13889162242412568,"z":-0.001961764879524708,"w":0.9904483556747437},"size":5.440542221069336,"orthographic":false}