{"cameraMode":{"drawMode":0,"name":"Shaded","section":"Shading Mode"},"sceneLighting":false,"audioPlay":false,"sceneViewState":{"m_AlwaysRefresh":false,"showFog":true,"showSkybox":false,"showFlares":true,"showImageEffects":true,"showParticleSystems":true,"showVisualEffectGraphs":true,"m_FxEnabled":true},"in2DMode":false,"pivot":{"x":1.1754584312438965,"y":1.1963715553283692,"z":4.861176013946533},"rotation":{"x":0.22288577258586884,"y":-0.027607616037130357,"z":0.006337107624858618,"w":0.9746817350387573},"size":5.440542221069336,"orthographic":false}