{"cameraMode":{"drawMode":0,"name":"Shaded","section":"Shading Mode"},"sceneLighting":false,"audioPlay":false,"sceneViewState":{"m_AlwaysRefresh":false,"showFog":true,"showSkybox":false,"showFlares":true,"showImageEffects":true,"showParticleSystems":true,"showVisualEffectGraphs":true,"m_FxEnabled":true},"in2DMode":false,"pivot":{"x":-3.651052951812744,"y":0.03532737120985985,"z":7.329171657562256},"rotation":{"x":0.004329543560743332,"y":-0.9944344162940979,"z":-0.045384399592876437,"w":-0.09596555680036545},"size":1.8104634284973145,"orthographic":true}