{"cameraMode":{"drawMode":0,"name":"Shaded","section":"Shading Mode"},"sceneLighting":false,"audioPlay":false,"sceneViewState":{"m_AlwaysRefresh":false,"showFog":true,"showSkybox":false,"showFlares":true,"showImageEffects":true,"showParticleSystems":true,"showVisualEffectGraphs":true,"m_FxEnabled":true},"in2DMode":false,"pivot":{"x":-0.29623469710350039,"y":0.03498781844973564,"z":7.856860637664795},"rotation":{"x":-0.00028045466751791537,"y":-0.9994149804115295,"z":0.006392643786966801,"w":-0.036196835339069369},"size":1.8104634284973145,"orthographic":true}